<?xml version='1.0' encoding='utf-8'?>
<graphml xmlns="http://graphml.graphdrawing.org/xmlns" xmlns:xsi="http://www.w3.org/2001/XMLSchema-instance" xsi:schemaLocation="http://graphml.graphdrawing.org/xmlns http://graphml.graphdrawing.org/xmlns/1.0/graphml.xsd"><key id="d26" for="edge" attr.name="material" attr.type="string"/>
<key id="d25" for="edge" attr.name="Sub_class" attr.type="string"/>
<key id="d24" for="edge" attr.name="sub_group" attr.type="string"/>
<key id="d23" for="edge" attr.name="group" attr.type="string"/>
<key id="d22" for="edge" attr.name="Class" attr.type="string"/>
<key id="d21" for="node" attr.name="sub_group_2" attr.type="string"/>
<key id="d20" for="node" attr.name="request" attr.type="string"/>
<key id="d19" for="node" attr.name="sub_group" attr.type="string"/>
<key id="d18" for="node" attr.name="Sub_class" attr.type="string"/>
<key id="d17" for="node" attr.name="P_max_design" attr.type="string"/>
<key id="d16" for="node" attr.name="P_max_design_unit" attr.type="string"/>
<key id="d15" for="node" attr.name="P_min_design" attr.type="string"/>
<key id="d14" for="node" attr.name="P_min_design_unit" attr.type="string"/>
<key id="d13" for="node" attr.name="T_max_design" attr.type="string"/>
<key id="d12" for="node" attr.name="T_max_design_unit" attr.type="string"/>
<key id="d11" for="node" attr.name="T_min_design" attr.type="string"/>
<key id="d10" for="node" attr.name="T_min_design_unit" attr.type="string"/>
<key id="d9" for="node" attr.name="corrosion_resistant" attr.type="string"/>
<key id="d8" for="node" attr.name="material" attr.type="string"/>
<key id="d7" for="node" attr.name="V_unit" attr.type="string"/>
<key id="d6" for="node" attr.name="V" attr.type="string"/>
<key id="d5" for="node" attr.name="group" attr.type="string"/>
<key id="d4" for="node" attr.name="DEXPI_ID" attr.type="string"/>
<key id="d3" for="node" attr.name="Name" attr.type="string"/>
<key id="d2" for="node" attr.name="Y" attr.type="string"/>
<key id="d1" for="node" attr.name="X" attr.type="string"/>
<key id="d0" for="node" attr.name="Class" attr.type="string"/>
<graph edgedefault="directed"><node id="B-W">
  <data key="d0">Vessel</data>
  <data key="d1">179.99999999999949</data>
  <data key="d2">609.99999999999989</data>
  <data key="d3">B-W</data>
  <data key="d4">E_2</data>
  <data key="d5">Vessel</data>
  <data key="d6">n.a.</data>
  <data key="d7">n.a.</data>
  <data key="d8">stainless steel</data>
  <data key="d9">n.a.</data>
  <data key="d10">n.a.</data>
  <data key="d11">n.a.</data>
  <data key="d12">n.a.</data>
  <data key="d13">n.a.</data>
  <data key="d14">n.a.</data>
  <data key="d15">n.a.</data>
  <data key="d16">n.a.</data>
  <data key="d17">n.a.</data>
  <data key="d18">n.a.</data>
  <data key="d19">n.a.</data>
  <data key="d20">n.a.</data>
  <data key="d21">n.a.</data>
</node>
<node id="B-O">
  <data key="d0">Vessel</data>
  <data key="d1">239.99999999999989</data>
  <data key="d2">319.99999999999994</data>
  <data key="d3">B-O</data>
  <data key="d4">E_3</data>
  <data key="d5">Vessel</data>
  <data key="d6">n.a.</data>
  <data key="d7">n.a.</data>
  <data key="d8">stainless steel</data>
  <data key="d9">n.a.</data>
  <data key="d10">n.a.</data>
  <data key="d11">n.a.</data>
  <data key="d12">n.a.</data>
  <data key="d13">n.a.</data>
  <data key="d14">n.a.</data>
  <data key="d15">n.a.</data>
  <data key="d16">n.a.</data>
  <data key="d17">n.a.</data>
  <data key="d18">n.a.</data>
  <data key="d19">n.a.</data>
  <data key="d20">n.a.</data>
  <data key="d21">n.a.</data>
</node>
<node id="B-E">
  <data key="d0">Vessel</data>
  <data key="d1">694.99999999999977</data>
  <data key="d2">590</data>
  <data key="d3">B-E</data>
  <data key="d4">E_4</data>
  <data key="d5">Vessel</data>
  <data key="d6">n.a.</data>
  <data key="d7">n.a.</data>
  <data key="d8">stainless steel</data>
  <data key="d9">n.a.</data>
  <data key="d10">n.a.</data>
  <data key="d11">n.a.</data>
  <data key="d12">n.a.</data>
  <data key="d13">n.a.</data>
  <data key="d14">n.a.</data>
  <data key="d15">n.a.</data>
  <data key="d16">n.a.</data>
  <data key="d17">n.a.</data>
  <data key="d18">n.a.</data>
  <data key="d19">n.a.</data>
  <data key="d20">n.a.</data>
  <data key="d21">n.a.</data>
</node>
<node id="B-R">
  <data key="d0">Vessel</data>
  <data key="d1">752.49999999999966</data>
  <data key="d2">407.49999999999994</data>
  <data key="d3">B-R</data>
  <data key="d4">E_5</data>
  <data key="d5">Vessel</data>
  <data key="d6">n.a.</data>
  <data key="d7">n.a.</data>
  <data key="d8">stainless steel</data>
  <data key="d9">n.a.</data>
  <data key="d10">n.a.</data>
  <data key="d11">n.a.</data>
  <data key="d12">n.a.</data>
  <data key="d13">n.a.</data>
  <data key="d14">n.a.</data>
  <data key="d15">n.a.</data>
  <data key="d16">n.a.</data>
  <data key="d17">n.a.</data>
  <data key="d18">n.a.</data>
  <data key="d19">n.a.</data>
  <data key="d20">n.a.</data>
  <data key="d21">n.a.</data>
</node>
<node id="P-1">
  <data key="d0">Fluid pump</data>
  <data key="d1">230</data>
  <data key="d2">585.00000000000011</data>
  <data key="d3">P-1</data>
  <data key="d4">E_14</data>
  <data key="d5">Pump</data>
  <data key="d6">n.a.</data>
  <data key="d7">n.a.</data>
  <data key="d8">n.a.</data>
  <data key="d9">n.a.</data>
  <data key="d10">n.a.</data>
  <data key="d11">n.a.</data>
  <data key="d12">n.a.</data>
  <data key="d13">n.a.</data>
  <data key="d14">n.a.</data>
  <data key="d15">n.a.</data>
  <data key="d16">n.a.</data>
  <data key="d17">n.a.</data>
  <data key="d18">n.a.</data>
  <data key="d19">n.a.</data>
  <data key="d20">n.a.</data>
  <data key="d21">n.a.</data>
</node>
<node id="HE-1">
  <data key="d0">Heat exchanger</data>
  <data key="d1">337.5</data>
  <data key="d2">584.99999999999977</data>
  <data key="d3">HE-1</data>
  <data key="d4">E_17</data>
  <data key="d5">Heat exchanger</data>
  <data key="d6">n.a.</data>
  <data key="d7">n.a.</data>
  <data key="d8">n.a.</data>
  <data key="d9">n.a.</data>
  <data key="d10">n.a.</data>
  <data key="d11">n.a.</data>
  <data key="d12">n.a.</data>
  <data key="d13">n.a.</data>
  <data key="d14">n.a.</data>
  <data key="d15">n.a.</data>
  <data key="d16">n.a.</data>
  <data key="d17">n.a.</data>
  <data key="d18">n.a.</data>
  <data key="d19">n.a.</data>
  <data key="d20">n.a.</data>
  <data key="d21">n.a.</data>
</node>
<node id="Col-1">
  <data key="d0">Column</data>
  <data key="d1">462.18749999999989</data>
  <data key="d2">499.49999999999994</data>
  <data key="d3">Col-1</data>
  <data key="d4">E_27</data>
  <data key="d5">Column</data>
  <data key="d6">n.a.</data>
  <data key="d7">n.a.</data>
  <data key="d8">stainless steel</data>
  <data key="d9">n.a.</data>
  <data key="d10">n.a.</data>
  <data key="d11">n.a.</data>
  <data key="d12">n.a.</data>
  <data key="d13">n.a.</data>
  <data key="d14">n.a.</data>
  <data key="d15">n.a.</data>
  <data key="d16">n.a.</data>
  <data key="d17">n.a.</data>
  <data key="d18">n.a.</data>
  <data key="d19">n.a.</data>
  <data key="d20">n.a.</data>
  <data key="d21">n.a.</data>
</node>
<node id="P-3">
  <data key="d0">Fluid pump</data>
  <data key="d1">569.99999999999989</data>
  <data key="d2">382.50000000000011</data>
  <data key="d3">P-3</data>
  <data key="d4">E_31</data>
  <data key="d5">Pump</data>
  <data key="d6">n.a.</data>
  <data key="d7">n.a.</data>
  <data key="d8">n.a.</data>
  <data key="d9">n.a.</data>
  <data key="d10">n.a.</data>
  <data key="d11">n.a.</data>
  <data key="d12">n.a.</data>
  <data key="d13">n.a.</data>
  <data key="d14">n.a.</data>
  <data key="d15">n.a.</data>
  <data key="d16">n.a.</data>
  <data key="d17">n.a.</data>
  <data key="d18">n.a.</data>
  <data key="d19">n.a.</data>
  <data key="d20">n.a.</data>
  <data key="d21">n.a.</data>
</node>
<node id="P-2">
  <data key="d0">Fluid pump</data>
  <data key="d1">345</data>
  <data key="d2">299.99999999999994</data>
  <data key="d3">P-2</data>
  <data key="d4">E_38</data>
  <data key="d5">Pump</data>
  <data key="d6">n.a.</data>
  <data key="d7">n.a.</data>
  <data key="d8">n.a.</data>
  <data key="d9">n.a.</data>
  <data key="d10">n.a.</data>
  <data key="d11">n.a.</data>
  <data key="d12">n.a.</data>
  <data key="d13">n.a.</data>
  <data key="d14">n.a.</data>
  <data key="d15">n.a.</data>
  <data key="d16">n.a.</data>
  <data key="d17">n.a.</data>
  <data key="d18">n.a.</data>
  <data key="d19">n.a.</data>
  <data key="d20">n.a.</data>
  <data key="d21">n.a.</data>
</node>
<node id="F-1">
  <data key="d0">Filter</data>
  <data key="d1">299.99999999999994</data>
  <data key="d2">299.99999999999994</data>
  <data key="d3">F-1</data>
  <data key="d4">E_39</data>
  <data key="d5">Filter</data>
  <data key="d6">n.a.</data>
  <data key="d7">n.a.</data>
  <data key="d8">n.a.</data>
  <data key="d9">n.a.</data>
  <data key="d10">n.a.</data>
  <data key="d11">n.a.</data>
  <data key="d12">n.a.</data>
  <data key="d13">n.a.</data>
  <data key="d14">n.a.</data>
  <data key="d15">n.a.</data>
  <data key="d16">n.a.</data>
  <data key="d17">n.a.</data>
  <data key="d18">n.a.</data>
  <data key="d19">n.a.</data>
  <data key="d20">n.a.</data>
  <data key="d21">n.a.</data>
</node>
<node id="HE-2">
  <data key="d0">Heat exchanger</data>
  <data key="d1">407.49999999999994</data>
  <data key="d2">324.99999999999994</data>
  <data key="d3">HE-2</data>
  <data key="d4">E_40</data>
  <data key="d5">Heat exchanger</data>
  <data key="d6">n.a.</data>
  <data key="d7">n.a.</data>
  <data key="d8">n.a.</data>
  <data key="d9">n.a.</data>
  <data key="d10">n.a.</data>
  <data key="d11">n.a.</data>
  <data key="d12">n.a.</data>
  <data key="d13">n.a.</data>
  <data key="d14">n.a.</data>
  <data key="d15">n.a.</data>
  <data key="d16">n.a.</data>
  <data key="d17">n.a.</data>
  <data key="d18">n.a.</data>
  <data key="d19">n.a.</data>
  <data key="d20">n.a.</data>
  <data key="d21">n.a.</data>
</node>
<node id="P-4">
  <data key="d0">Fluid pump</data>
  <data key="d1">621.24999999999989</data>
  <data key="d2">489.99999999999989</data>
  <data key="d3">P-4</data>
  <data key="d4">E_57</data>
  <data key="d5">Pump</data>
  <data key="d6">n.a.</data>
  <data key="d7">n.a.</data>
  <data key="d8">n.a.</data>
  <data key="d9">n.a.</data>
  <data key="d10">n.a.</data>
  <data key="d11">n.a.</data>
  <data key="d12">n.a.</data>
  <data key="d13">n.a.</data>
  <data key="d14">n.a.</data>
  <data key="d15">n.a.</data>
  <data key="d16">n.a.</data>
  <data key="d17">n.a.</data>
  <data key="d18">n.a.</data>
  <data key="d19">n.a.</data>
  <data key="d20">n.a.</data>
  <data key="d21">n.a.</data>
</node>
<node id="HE-3">
  <data key="d0">Heat exchanger</data>
  <data key="d1">643.74999999999977</data>
  <data key="d2">489.99999999999989</data>
  <data key="d3">HX01</data>
  <data key="d4">E_58</data>
  <data key="d5">Heat exchanger</data>
  <data key="d6">n.a.</data>
  <data key="d7">n.a.</data>
  <data key="d8">n.a.</data>
  <data key="d9">n.a.</data>
  <data key="d10">n.a.</data>
  <data key="d11">n.a.</data>
  <data key="d12">n.a.</data>
  <data key="d13">n.a.</data>
  <data key="d14">n.a.</data>
  <data key="d15">n.a.</data>
  <data key="d16">n.a.</data>
  <data key="d17">n.a.</data>
  <data key="d18">n.a.</data>
  <data key="d19">n.a.</data>
  <data key="d20">n.a.</data>
  <data key="d21">n.a.</data>
</node>
<node id="S-1">
  <data key="d0">Valve, globe type</data>
  <data key="d1">192.49999999999972</data>
  <data key="d2">665.00000000000011</data>
  <data key="d3">S-1</data>
  <data key="d4">PC_6</data>
  <data key="d5">Valve</data>
  <data key="d6">n.a.</data>
  <data key="d7">n.a.</data>
  <data key="d8">n.a.</data>
  <data key="d9">n.a.</data>
  <data key="d10">n.a.</data>
  <data key="d11">n.a.</data>
  <data key="d12">n.a.</data>
  <data key="d13">n.a.</data>
  <data key="d14">n.a.</data>
  <data key="d15">n.a.</data>
  <data key="d16">n.a.</data>
  <data key="d17">n.a.</data>
  <data key="d18">n.a.</data>
  <data key="d19">n.a.</data>
  <data key="d20">n.a.</data>
  <data key="d21">Safety valves</data>
</node>
<node id="S-2">
  <data key="d0">Valve, globe type</data>
  <data key="d1">252.50000000000009</data>
  <data key="d2">374.99999999999989</data>
  <data key="d3">S-2</data>
  <data key="d4">PC_7</data>
  <data key="d5">Valve</data>
  <data key="d6">n.a.</data>
  <data key="d7">n.a.</data>
  <data key="d8">n.a.</data>
  <data key="d9">n.a.</data>
  <data key="d10">n.a.</data>
  <data key="d11">n.a.</data>
  <data key="d12">n.a.</data>
  <data key="d13">n.a.</data>
  <data key="d14">n.a.</data>
  <data key="d15">n.a.</data>
  <data key="d16">n.a.</data>
  <data key="d17">n.a.</data>
  <data key="d18">n.a.</data>
  <data key="d19">n.a.</data>
  <data key="d20">n.a.</data>
  <data key="d21">Safety valves</data>
</node>
<node id="S-4">
  <data key="d0">Valve, globe type</data>
  <data key="d1">764.99999999999966</data>
  <data key="d2">465.00000000000028</data>
  <data key="d3">S-4</data>
  <data key="d4">PC_9</data>
  <data key="d5">Valve</data>
  <data key="d6">n.a.</data>
  <data key="d7">n.a.</data>
  <data key="d8">n.a.</data>
  <data key="d9">n.a.</data>
  <data key="d10">n.a.</data>
  <data key="d11">n.a.</data>
  <data key="d12">n.a.</data>
  <data key="d13">n.a.</data>
  <data key="d14">n.a.</data>
  <data key="d15">n.a.</data>
  <data key="d16">n.a.</data>
  <data key="d17">n.a.</data>
  <data key="d18">n.a.</data>
  <data key="d19">n.a.</data>
  <data key="d20">n.a.</data>
  <data key="d21">Safety valves</data>
</node>
<node id="S-3">
  <data key="d0">Valve, globe type</data>
  <data key="d1">707.49999999999955</data>
  <data key="d2">647.49999999999977</data>
  <data key="d3">S-3</data>
  <data key="d4">PC_8</data>
  <data key="d5">Valve</data>
  <data key="d6">n.a.</data>
  <data key="d7">n.a.</data>
  <data key="d8">n.a.</data>
  <data key="d9">n.a.</data>
  <data key="d10">n.a.</data>
  <data key="d11">n.a.</data>
  <data key="d12">n.a.</data>
  <data key="d13">n.a.</data>
  <data key="d14">n.a.</data>
  <data key="d15">n.a.</data>
  <data key="d16">n.a.</data>
  <data key="d17">n.a.</data>
  <data key="d18">n.a.</data>
  <data key="d19">n.a.</data>
  <data key="d20">n.a.</data>
  <data key="d21">Safety valves</data>
</node>
<node id="V-1">
  <data key="d0">Valve (general)</data>
  <data key="d1">394.99999999999989</data>
  <data key="d2">584.99999999999966</data>
  <data key="d3">V-1</data>
  <data key="d4">PC_18</data>
  <data key="d5">Valve</data>
  <data key="d6">n.a.</data>
  <data key="d7">n.a.</data>
  <data key="d8">n.a.</data>
  <data key="d9">n.a.</data>
  <data key="d10">n.a.</data>
  <data key="d11">n.a.</data>
  <data key="d12">n.a.</data>
  <data key="d13">n.a.</data>
  <data key="d14">n.a.</data>
  <data key="d15">n.a.</data>
  <data key="d16">n.a.</data>
  <data key="d17">n.a.</data>
  <data key="d18">n.a.</data>
  <data key="d19">n.a.</data>
  <data key="d20">n.a.</data>
  <data key="d21">n.a.</data>
</node>
<node id="V-3">
  <data key="d0">Valve (general)</data>
  <data key="d1">522.5</data>
  <data key="d2">382.50000000000011</data>
  <data key="d3">V-3</data>
  <data key="d4">PC_30</data>
  <data key="d5">Valve</data>
  <data key="d6">n.a.</data>
  <data key="d7">n.a.</data>
  <data key="d8">n.a.</data>
  <data key="d9">n.a.</data>
  <data key="d10">n.a.</data>
  <data key="d11">n.a.</data>
  <data key="d12">n.a.</data>
  <data key="d13">n.a.</data>
  <data key="d14">n.a.</data>
  <data key="d15">n.a.</data>
  <data key="d16">n.a.</data>
  <data key="d17">n.a.</data>
  <data key="d18">n.a.</data>
  <data key="d19">n.a.</data>
  <data key="d20">n.a.</data>
  <data key="d21">n.a.</data>
</node>
<node id="V-2">
  <data key="d0">Valve (general)</data>
  <data key="d1">445.00000000000006</data>
  <data key="d2">325.00000000000023</data>
  <data key="d3">V-2</data>
  <data key="d4">PC_41</data>
  <data key="d5">Valve</data>
  <data key="d6">n.a.</data>
  <data key="d7">n.a.</data>
  <data key="d8">n.a.</data>
  <data key="d9">n.a.</data>
  <data key="d10">n.a.</data>
  <data key="d11">n.a.</data>
  <data key="d12">n.a.</data>
  <data key="d13">n.a.</data>
  <data key="d14">n.a.</data>
  <data key="d15">n.a.</data>
  <data key="d16">n.a.</data>
  <data key="d17">n.a.</data>
  <data key="d18">n.a.</data>
  <data key="d19">n.a.</data>
  <data key="d20">n.a.</data>
  <data key="d21">n.a.</data>
</node>
<node id="T-50">
  <data key="d0">Pipe tee</data>
  <data key="d1">379.99999999999994</data>
  <data key="d2">324.99999999999994</data>
  <data key="d3">T-50</data>
  <data key="d4">PC_50</data>
  <data key="d5">Pipe tee</data>
  <data key="d6">n.a.</data>
  <data key="d7">n.a.</data>
  <data key="d8">n.a.</data>
  <data key="d9">n.a.</data>
  <data key="d10">n.a.</data>
  <data key="d11">n.a.</data>
  <data key="d12">n.a.</data>
  <data key="d13">n.a.</data>
  <data key="d14">n.a.</data>
  <data key="d15">n.a.</data>
  <data key="d16">n.a.</data>
  <data key="d17">n.a.</data>
  <data key="d18">n.a.</data>
  <data key="d19">n.a.</data>
  <data key="d20">n.a.</data>
  <data key="d21">n.a.</data>
</node>
<node id="T-67">
  <data key="d0">Pipe tee</data>
  <data key="d1">297.5</data>
  <data key="d2">585.00000000000011</data>
  <data key="d3">T-67</data>
  <data key="d4">PC_67</data>
  <data key="d5">Pipe tee</data>
  <data key="d6">n.a.</data>
  <data key="d7">n.a.</data>
  <data key="d8">n.a.</data>
  <data key="d9">n.a.</data>
  <data key="d10">n.a.</data>
  <data key="d11">n.a.</data>
  <data key="d12">n.a.</data>
  <data key="d13">n.a.</data>
  <data key="d14">n.a.</data>
  <data key="d15">n.a.</data>
  <data key="d16">n.a.</data>
  <data key="d17">n.a.</data>
  <data key="d18">n.a.</data>
  <data key="d19">n.a.</data>
  <data key="d20">n.a.</data>
  <data key="d21">n.a.</data>
</node>
<node id="FIC 01">
  <data key="d0">FIC</data>
  <data key="d1">297.5</data>
  <data key="d2">602.5</data>
  <data key="d3">FIC 01</data>
  <data key="d4">PIF_16</data>
  <data key="d5">MSR</data>
  <data key="d6">n.a.</data>
  <data key="d7">n.a.</data>
  <data key="d8">n.a.</data>
  <data key="d9">n.a.</data>
  <data key="d10">n.a.</data>
  <data key="d11">n.a.</data>
  <data key="d12">n.a.</data>
  <data key="d13">n.a.</data>
  <data key="d14">n.a.</data>
  <data key="d15">n.a.</data>
  <data key="d16">n.a.</data>
  <data key="d17">n.a.</data>
  <data key="d18">n.a.</data>
  <data key="d19">n.a.</data>
  <data key="d20">FIC</data>
  <data key="d21">n.a.</data>
</node>
<node id="FIC 02">
  <data key="d0">FIC</data>
  <data key="d1">379.99999999999994</data>
  <data key="d2">337.5</data>
  <data key="d3">FIC 02</data>
  <data key="d4">PIF_47</data>
  <data key="d5">MSR</data>
  <data key="d6">n.a.</data>
  <data key="d7">n.a.</data>
  <data key="d8">n.a.</data>
  <data key="d9">n.a.</data>
  <data key="d10">n.a.</data>
  <data key="d11">n.a.</data>
  <data key="d12">n.a.</data>
  <data key="d13">n.a.</data>
  <data key="d14">n.a.</data>
  <data key="d15">n.a.</data>
  <data key="d16">n.a.</data>
  <data key="d17">n.a.</data>
  <data key="d18">n.a.</data>
  <data key="d19">n.a.</data>
  <data key="d20">FIC</data>
  <data key="d21">n.a.</data>
</node>
<node id="LICA+ 01">
  <data key="d0">LICA+</data>
  <data key="d1">494.99999999999989</data>
  <data key="d2">580.00000000000011</data>
  <data key="d3">LICA+ 01</data>
  <data key="d4">PIF_53</data>
  <data key="d5">MSR</data>
  <data key="d6">n.a.</data>
  <data key="d7">n.a.</data>
  <data key="d8">n.a.</data>
  <data key="d9">n.a.</data>
  <data key="d10">n.a.</data>
  <data key="d11">n.a.</data>
  <data key="d12">n.a.</data>
  <data key="d13">n.a.</data>
  <data key="d14">n.a.</data>
  <data key="d15">n.a.</data>
  <data key="d16">n.a.</data>
  <data key="d17">n.a.</data>
  <data key="d18">n.a.</data>
  <data key="d19">n.a.</data>
  <data key="d20">LICA+</data>
  <data key="d21">n.a.</data>
</node>
<node id="LIC 01">
  <data key="d0">LIC</data>
  <data key="d1">430.00000000000006</data>
  <data key="d2">580.00000000000011</data>
  <data key="d3">LIC 01</data>
  <data key="d4">PIF_54</data>
  <data key="d5">MSR</data>
  <data key="d6">n.a.</data>
  <data key="d7">n.a.</data>
  <data key="d8">n.a.</data>
  <data key="d9">n.a.</data>
  <data key="d10">n.a.</data>
  <data key="d11">n.a.</data>
  <data key="d12">n.a.</data>
  <data key="d13">n.a.</data>
  <data key="d14">n.a.</data>
  <data key="d15">n.a.</data>
  <data key="d16">n.a.</data>
  <data key="d17">n.a.</data>
  <data key="d18">n.a.</data>
  <data key="d19">n.a.</data>
  <data key="d20">LIC</data>
  <data key="d21">n.a.</data>
</node>
<node id="TIC 01">
  <data key="d0">TIC</data>
  <data key="d1">601.25000000000011</data>
  <data key="d2">507.49999999999994</data>
  <data key="d3">TIC 01</data>
  <data key="d4">PIF_55</data>
  <data key="d5">MSR</data>
  <data key="d6">n.a.</data>
  <data key="d7">n.a.</data>
  <data key="d8">n.a.</data>
  <data key="d9">n.a.</data>
  <data key="d10">n.a.</data>
  <data key="d11">n.a.</data>
  <data key="d12">n.a.</data>
  <data key="d13">n.a.</data>
  <data key="d14">n.a.</data>
  <data key="d15">n.a.</data>
  <data key="d16">n.a.</data>
  <data key="d17">n.a.</data>
  <data key="d18">n.a.</data>
  <data key="d19">n.a.</data>
  <data key="d20">TIC</data>
  <data key="d21">n.a.</data>
</node>
<edge source="B-W" target="S-1">
  <data key="d22">Pipe</data>
  <data key="d23">Pipe</data>
  <data key="d24">n.a.</data>
  <data key="d25">n.a.</data>
  <data key="d26">n.a.</data>
</edge>
<edge source="B-W" target="P-1">
  <data key="d22">Pipe</data>
  <data key="d23">Pipe</data>
  <data key="d24">n.a.</data>
  <data key="d25">n.a.</data>
  <data key="d26">n.a.</data>
</edge>
<edge source="B-O" target="S-2">
  <data key="d22">Pipe</data>
  <data key="d23">Pipe</data>
  <data key="d24">n.a.</data>
  <data key="d25">n.a.</data>
  <data key="d26">n.a.</data>
</edge>
<edge source="B-O" target="F-1">
  <data key="d22">Pipe</data>
  <data key="d23">Pipe</data>
  <data key="d24">n.a.</data>
  <data key="d25">n.a.</data>
  <data key="d26">n.a.</data>
</edge>
<edge source="B-E" target="S-3">
  <data key="d22">Pipe</data>
  <data key="d23">Pipe</data>
  <data key="d24">n.a.</data>
  <data key="d25">n.a.</data>
  <data key="d26">n.a.</data>
</edge>
<edge source="B-R" target="S-4">
  <data key="d22">Pipe</data>
  <data key="d23">Pipe</data>
  <data key="d24">n.a.</data>
  <data key="d25">n.a.</data>
  <data key="d26">n.a.</data>
</edge>
<edge source="P-1" target="T-67">
  <data key="d22">Pipe</data>
  <data key="d23">Pipe</data>
  <data key="d24">n.a.</data>
  <data key="d25">n.a.</data>
  <data key="d26">n.a.</data>
</edge>
<edge source="HE-1" target="V-1">
  <data key="d22">Pipe</data>
  <data key="d23">Pipe</data>
  <data key="d24">n.a.</data>
  <data key="d25">n.a.</data>
  <data key="d26">n.a.</data>
</edge>
<edge source="HE-1" target="P-4">
  <data key="d22">Heat transfer medium</data>
  <data key="d23">Heat transfer medium</data>
  <data key="d24">n.a.</data>
  <data key="d25">n.a.</data>
  <data key="d26">n.a.</data>
</edge>
<edge source="Col-1" target="B-E">
  <data key="d22">Pipe</data>
  <data key="d23">Pipe</data>
  <data key="d24">n.a.</data>
  <data key="d25">n.a.</data>
  <data key="d26">stainless steel</data>
</edge>
<edge source="Col-1" target="V-3">
  <data key="d22">Pipe</data>
  <data key="d23">Pipe</data>
  <data key="d24">n.a.</data>
  <data key="d25">n.a.</data>
  <data key="d26">stainless steel</data>
</edge>
<edge source="Col-1" target="LICA+ 01">
  <data key="d22">Process connection line</data>
  <data key="d23">Process connection line</data>
  <data key="d24">n.a.</data>
  <data key="d25">n.a.</data>
  <data key="d26">n.a.</data>
</edge>
<edge source="Col-1" target="LIC 01">
  <data key="d22">Process connection line</data>
  <data key="d23">Process connection line</data>
  <data key="d24">n.a.</data>
  <data key="d25">n.a.</data>
  <data key="d26">n.a.</data>
</edge>
<edge source="P-3" target="B-R">
  <data key="d22">Pipe</data>
  <data key="d23">Pipe</data>
  <data key="d24">n.a.</data>
  <data key="d25">n.a.</data>
  <data key="d26">n.a.</data>
</edge>
<edge source="P-2" target="T-50">
  <data key="d22">Pipe</data>
  <data key="d23">Pipe</data>
  <data key="d24">n.a.</data>
  <data key="d25">n.a.</data>
  <data key="d26">n.a.</data>
</edge>
<edge source="F-1" target="P-2">
  <data key="d22">Pipe</data>
  <data key="d23">Pipe</data>
  <data key="d24">n.a.</data>
  <data key="d25">n.a.</data>
  <data key="d26">n.a.</data>
</edge>
<edge source="HE-2" target="V-2">
  <data key="d22">Pipe</data>
  <data key="d23">Pipe</data>
  <data key="d24">n.a.</data>
  <data key="d25">n.a.</data>
  <data key="d26">stainless steel</data>
</edge>
<edge source="P-4" target="HE-3">
  <data key="d22">Heat transfer medium</data>
  <data key="d23">Heat transfer medium</data>
  <data key="d24">n.a.</data>
  <data key="d25">n.a.</data>
  <data key="d26">n.a.</data>
</edge>
<edge source="P-4" target="TIC 01">
  <data key="d22">Process connection line</data>
  <data key="d23">Process connection line</data>
  <data key="d24">n.a.</data>
  <data key="d25">n.a.</data>
  <data key="d26">n.a.</data>
</edge>
<edge source="HE-3" target="HE-2">
  <data key="d22">Heat transfer medium</data>
  <data key="d23">Heat transfer medium</data>
  <data key="d24">n.a.</data>
  <data key="d25">n.a.</data>
  <data key="d26">stainless steel</data>
</edge>
<edge source="V-1" target="Col-1">
  <data key="d22">Pipe</data>
  <data key="d23">Pipe</data>
  <data key="d24">n.a.</data>
  <data key="d25">n.a.</data>
  <data key="d26">stainless steel</data>
</edge>
<edge source="V-3" target="P-3">
  <data key="d22">Pipe</data>
  <data key="d23">Pipe</data>
  <data key="d24">n.a.</data>
  <data key="d25">n.a.</data>
  <data key="d26">stainless steel</data>
</edge>
<edge source="V-2" target="Col-1">
  <data key="d22">Pipe</data>
  <data key="d23">Pipe</data>
  <data key="d24">n.a.</data>
  <data key="d25">n.a.</data>
  <data key="d26">stainless steel</data>
</edge>
<edge source="T-50" target="HE-2">
  <data key="d22">Pipe</data>
  <data key="d23">Pipe</data>
  <data key="d24">n.a.</data>
  <data key="d25">n.a.</data>
  <data key="d26">stainless steel</data>
</edge>
<edge source="T-50" target="FIC 02">
  <data key="d22">Process connection line</data>
  <data key="d23">Process connection line</data>
  <data key="d24">n.a.</data>
  <data key="d25">n.a.</data>
  <data key="d26">n.a.</data>
</edge>
<edge source="T-67" target="HE-1">
  <data key="d22">Pipe</data>
  <data key="d23">Pipe</data>
  <data key="d24">n.a.</data>
  <data key="d25">n.a.</data>
  <data key="d26">stainless steel</data>
</edge>
<edge source="FIC 01" target="T-67">
  <data key="d22">Process connection line</data>
  <data key="d23">Process connection line</data>
  <data key="d24">n.a.</data>
  <data key="d25">n.a.</data>
  <data key="d26">n.a.</data>
</edge>
<edge source="FIC 01" target="P-1">
  <data key="d22">Signal line</data>
  <data key="d23">Signal line</data>
  <data key="d24">n.a.</data>
  <data key="d25">n.a.</data>
  <data key="d26">n.a.</data>
</edge>
<edge source="FIC 02" target="P-2">
  <data key="d22">Signal line</data>
  <data key="d23">Signal line</data>
  <data key="d24">n.a.</data>
  <data key="d25">n.a.</data>
  <data key="d26">n.a.</data>
</edge>
<edge source="LICA+ 01" target="P-3">
  <data key="d22">Signal line</data>
  <data key="d23">Signal line</data>
  <data key="d24">n.a.</data>
  <data key="d25">n.a.</data>
  <data key="d26">n.a.</data>
</edge>
<edge source="LIC 01" target="P-3">
  <data key="d22">Signal line</data>
  <data key="d23">Signal line</data>
  <data key="d24">n.a.</data>
  <data key="d25">n.a.</data>
  <data key="d26">n.a.</data>
</edge>
</graph></graphml>